title,file_location,genre,album
Song-1,https://www.youtube.com/watch?v=79vQjgkgWDE,Genre-1,Album-1
Song-2,https://www.youtube.com/watch?v=79vQjgkgWDE,Genre-2,Album-2
Song-3,https://www.youtube.com/watch?v=79vQjgkgWDE,Genre-3,Album-3
Song-4,https://www.youtube.com/watch?v=79vQjgkgWDE,Genre-4,Album-4
Song-5,https://www.youtube.com/watch?v=79vQjgkgWDE,Genre-5,Album-5
Song-6,https://www.youtube.com/watch?v=79vQjgkgWDE,Genre-6,Album-6
Song-7,https://www.youtube.com/watch?v=79vQjgkgWDE,Genre-7,Album-7
Song-8,https://www.youtube.com/watch?v=79vQjgkgWDE,Genre-8,Album-8
Song-9,https://www.youtube.com/watch?v=79vQjgkgWDE,Genre-9,Album-9
Song-10,https://www.youtube.com/watch?v=79vQjgkgWDE,Genre-10,Album-10
Song-11,https://www.youtube.com/watch?v=79vQjgkgWDE,Genre-11,Album-11
Song-12,https://www.youtube.com/watch?v=79vQjgkgWDE,Genre-12,Album-12
Song-13,https://www.youtube.com/watch?v=79vQjgkgWDE,Genre-13,Album-13
Song-14,https://www.youtube.com/watch?v=79vQjgkgWDE,Genre-14,Album-14
Song-15,https://www.youtube.com/watch?v=79vQjgkgWDE,Genre-15,Album-15
Song-16,https://www.youtube.com/watch?v=79vQjgkgWDE,Genre-16,Album-16
Song-17,https://www.youtube.com/watch?v=79vQjgkgWDE,Genre-17,Album-17
Song-18,https://www.youtube.com/watch?v=79vQjgkgWDE,Genre-18,Album-18
Song-19,https://www.youtube.com/watch?v=79vQjgkgWDE,Genre-19,Album-19
Song-20,https://www.youtube.com/watch?v=79vQjgkgWDE,Genre-20,Album-20
Song-21,https://www.youtube.com/watch?v=79vQjgkgWDE,Genre-21,Album-21
Song-22,https://www.youtube.com/watch?v=79vQjgkgWDE,Genre-22,Album-22
Song-23,https://www.youtube.com/watch?v=79vQjgkgWDE,Genre-23,Album-23
Song-24,https://www.youtube.com/watch?v=79vQjgkgWDE,Genre-24,Album-24
Song-25,https://www.youtube.com/watch?v=79vQjgkgWDE,Genre-25,Album-25
Song-26,https://www.youtube.com/watch?v=79vQjgkgWDE,Genre-26,Album-26
Song-27,https://www.youtube.com/watch?v=79vQjgkgWDE,Genre-27,Album-27
Song-28,https://www.youtube.com/watch?v=79vQjgkgWDE,Genre-28,Album-28
Song-29,https://www.youtube.com/watch?v=79vQjgkgWDE,Genre-29,Album-29
Song-30,https://www.youtube.com/watch?v=79vQjgkgWDE,Genre-30,Album-30
Song-31,https://www.youtube.com/watch?v=79vQjgkgWDE,Genre-1,Album-1
Song-32,https://www.youtube.com/watch?v=79vQjgkgWDE,Genre-2,Album-2
Song-33,https://www.youtube.com/watch?v=79vQjgkgWDE,Genre-3,Album-3
Song-34,https://www.youtube.com/watch?v=79vQjgkgWDE,Genre-4,Album-4
Song-35,https://www.youtube.com/watch?v=79vQjgkgWDE,Genre-5,Album-5
Song-36,https://www.youtube.com/watch?v=79vQjgkgWDE,Genre-6,Album-6
Song-37,https://www.youtube.com/watch?v=79vQjgkgWDE,Genre-7,Album-7
Song-38,https://www.youtube.com/watch?v=79vQjgkgWDE,Genre-8,Album-8
Song-39,https://www.youtube.com/watch?v=79vQjgkgWDE,Genre-9,Album-9
Song-40,https://www.youtube.com/watch?v=79vQjgkgWDE,Genre-10,Album-10
Song-41,https://www.youtube.com/watch?v=79vQjgkgWDE,Genre-11,Album-11
Song-42,https://www.youtube.com/watch?v=79vQjgkgWDE,Genre-12,Album-12
Song-43,https://www.youtube.com/watch?v=79vQjgkgWDE,Genre-13,Album-13
Song-44,https://www.youtube.com/watch?v=79vQjgkgWDE,Genre-14,Album-14
Song-45,https://www.youtube.com/watch?v=79vQjgkgWDE,Genre-15,Album-15
Song-46,https://www.youtube.com/watch?v=79vQjgkgWDE,Genre-16,Album-16
Song-47,https://www.youtube.com/watch?v=79vQjgkgWDE,Genre-17,Album-17
Song-48,https://www.youtube.com/watch?v=79vQjgkgWDE,Genre-18,Album-18
Song-49,https://www.youtube.com/watch?v=79vQjgkgWDE,Genre-19,Album-19
Song-50,https://www.youtube.com/watch?v=79vQjgkgWDE,Genre-20,Album-20
Song-51,https://www.youtube.com/watch?v=79vQjgkgWDE,Genre-21,Album-21
Song-52,https://www.youtube.com/watch?v=79vQjgkgWDE,Genre-22,Album-22
Song-53,https://www.youtube.com/watch?v=79vQjgkgWDE,Genre-23,Album-23
Song-54,https://www.youtube.com/watch?v=79vQjgkgWDE,Genre-24,Album-24
Song-55,https://www.youtube.com/watch?v=79vQjgkgWDE,Genre-25,Album-25
Song-56,https://www.youtube.com/watch?v=79vQjgkgWDE,Genre-26,Album-26
Song-57,https://www.youtube.com/watch?v=79vQjgkgWDE,Genre-27,Album-27
Song-58,https://www.youtube.com/watch?v=79vQjgkgWDE,Genre-28,Album-28
Song-59,https://www.youtube.com/watch?v=79vQjgkgWDE,Genre-29,Album-29
Song-60,https://www.youtube.com/watch?v=79vQjgkgWDE,Genre-30,Album-30